"id","legacy_code","shop","owner","urdu_name","phone","region","area","route","region_assumed","needs_review","legacy_total_sales","legacy_total_collection","legacy_balance"
"CUS-0001","11","Zain mega mart","","زین میگامارٹ","","rg-dir-bazar","","","false","false","72000","0","72000"
"CUS-0002","12","Cash Counter","Cash","نقد سیل","","rg-dir-bazar","","","false","true","60549860","9447960","51101900"
"CUS-0003","20","Aurangzib sheringal","Aurangzib","اورنگزیب شیر نگل","","rg-sherangal","شیرنگل","","false","false","4667350","4266850","400500"
"CUS-0004","22","Bakhtrawan brawal","Bakhtrawan","بخت راوان براوال","","rg-barawal","براول","","false","false","440000","375500","64500"
"CUS-0005","23","Israr chitral","Israr","اشرا ال","","rg-lower-chitral","چترال","","false","false","1186000","795000","391000"
"CUS-0006","24","Bakht e alam sharmi","Bakht e alam","بخت عالم شی مایی","","rg-barawal","","","false","false","91900","62300","29600"
"CUS-0007","25","junaid sundrawal","junaid","جنید سندرول","","rg-barawal","سندروال","","false","false","34661480","28084780","6576700"
"CUS-0008","28","Bacha zada barwal","Bacha zada","باچازادہ براول","","rg-barawal","براول","","false","false","4127125","3402575","724550"
"CUS-0009","30","Afsar khan brawal","Afsar khan","افرس خان براول","","rg-barawal","براول","","false","false","486250","475000","11250"
"CUS-0010","31","Hayat ullah barwal","Hayat ullah","حیات ہللا براول","","rg-barawal","براول","","false","false","3613820","2783500","830320"
"CUS-0011","32","Hakim shah barwal","Hakim shah","حکیم شاہ براول","","rg-barawal","براول","","false","false","53000","0","53000"
"CUS-0012","33","Dost muhmmad qari Barwal","Dost muhmmad qari","دوست دمحم قاری براول","","rg-barawal","براول","","false","false","7135700","6408750","726950"
"CUS-0013","35","Qari hanif ullah munshi","Qari hanif ullah","حنیف ہللا قاری منش","","rg-barawal","","","false","false","229092","0","229092"
"CUS-0014","37","Haji halim khan brawal","Haji halim khan","حاجی حلیم خان براول","","rg-barawal","براول","","false","false","1685500","1320400","365100"
"CUS-0015","38","Rahim ul haq brawal","Rahim ul haq","رحیم الھق براول","","rg-barawal","براول","","false","false","2798550","2320000","478550"
"CUS-0016","39","Rashid ul haq sheringal","Rashid ul haq","رشید الھق شیر نگل","","rg-sherangal","شیرنگل","","false","false","3285000","2902500","382500"
"CUS-0017","42","Shakir ullah brawal","Shakir ullah","شاکرہللا براول","","rg-barawal","براول","","false","false","2271175","1962300","308875"
"CUS-0018","44","Saeed muhmmad sheringal","Saeed muhmmad","سعید دمحم شیر نگل","","rg-sherangal","شیرنگل","","false","false","1205477","835000","370477"
"CUS-0019","45","siyab digmar","siyab","سیاب دیگمار","","rg-barawal","دیگمار","","false","false","45500","0","45500"
"CUS-0020","47","Sajid ullah thal","Sajid ullah","ساجد ہللا تل","","rg-barawal","تھل","","false","false","77000","0","77000"
"CUS-0021","49","Shad muhmmad khan g","Shad muhmmad khan","شاد دمحم خان جی","","rg-barawal","","","false","false","1040891","0","1040891"
"CUS-0022","53","Abbass nawara","Abbass","عباس نورہ","","rg-barawal","","","false","false","3313210","2700500","612710"
"CUS-0023","54","Abdul ghafar brawal","Abdul ghafar","عبدالغفار براول","","rg-barawal","براول","","false","false","11241927","9711207","1530720"
"CUS-0024","55","Azmat khan brawal","Azmat khan","عظمت خان براول","","rg-barawal","براول","","false","false","31159540","29008220","2151320"
"CUS-0025","56","Molana umar ahmad brawal","Molana umar ahmad","موالنا عمر احمد براول","","rg-barawal","براول","","false","false","1855420","1451150","404270"
"CUS-0026","58","Abdullah munshi","Abdullah","عبدہللا منش","","rg-barawal","","","false","false","260092","0","260092"
"CUS-0027","59","Aziz sahib brawal","Aziz sahib","عزیز صاحب براول","","rg-barawal","براول","","false","false","5674350","4522200","1152150"
"CUS-0028","60","Usman naw","Usman","عثمان نو","","rg-barawal","","","false","false","3405400","3047850","357550"
"CUS-0029","61","Farman brawal","Farman","فرمان براول","","rg-barawal","براول","","false","false","5029115","4424560","604555"
"CUS-0030","62","Fasil khan brawal","Fasil khan","فیصل خان براول","","rg-barawal","براول","","false","false","3397200","2624930","772270"
"CUS-0031","63","Kaka digmar","Kaka","کاکا دیگمار","","rg-barawal","دیگمار","","false","false","8925000","8455000","470000"
"CUS-0032","65","Muhmmad tariq brawal","Muhmmad tariq","دمحم طارق براول","","rg-barawal","براول","","false","false","5539462","4275900","1263562"
"CUS-0033","66","Nasir ullah brawal","Nasir ullah","نصیر ہللا براول","","rg-barawal","براول","","false","false","2765845","2185000","580845"
"CUS-0034","67","Nazar gul barwal","Nazar gul","نزر گل براول","","rg-barawal","براول","","false","false","5365720","4420000","945720"
"CUS-0035","70","Muhmmad din brawal","Muhmmad din","دمحم دین براول","","rg-barawal","براول","","false","false","625545","520000","105545"
"CUS-0036","71","Muhmmad irshad brawal","Muhmmad irshad","دمحم ارشاد براول","","rg-barawal","براول","","false","false","4446010","3517440","928570"
"CUS-0037","72","Muqadar daina","Muqadar","مقدر ڈاینا","","rg-dir-bazar","","","false","false","729400","0","729400"
"CUS-0038","73","Niaz muhmmad kohsitan","Niaz muhmmad","نیاز دمحم کوہستان","","rg-barawal","کوہستان","","false","false","789000","357000","432000"
"CUS-0039","74","Muhmmad yousaf patrak","Muhmmad yousaf","دمحم یوصف پاتراک","","rg-barawal","پاتراک","","false","false","75500","75000","500"
"CUS-0040","76","Haji muhmmad baz khan pankot","Haji muhmmad baz khan","حاجی دمحم باز خان پنکوٹ","","rg-barawal","پنکوٹ","","false","false","39550","0","39550"
"CUS-0041","77","Wazir zada thal","Wazir zada","وزیر زادہ تھل","","rg-barawal","تھل","","false","false","6100","0","6100"
"CUS-0042","79","Mubarak zib brawal","Mubarak zib","مبارک زیب براول","","rg-barawal","براول","","false","false","1667500","1252600","414900"
"CUS-0043","80","Nawaz kohistan","Nawaz","نواز کوہستان","","rg-barawal","کوہستان","","false","false","2775","0","2775"
"CUS-0044","81","Muhmmad aziz barikot","Muhmmad aziz","دمحم عزیز بریکوٹ","","rg-barawal","بریکوٹ","","false","false","29500","4500","25000"
"CUS-0045","84","Nasir munshi nangarkari","Nasir munshi","نصیر منش ننگرکاری","","rg-barawal","ننگرکاری","","false","false","63400","0","63400"
"CUS-0046","86","Abdul qadir drsoh","Abdul qadir","عبدلقادر دروش","","rg-drosh","دروش","","false","false","21205060","14976250","6228810"
"CUS-0047","89","Abdul hadi drosh","Abdul hadi","عبدلہادی دروش","","rg-drosh","دروش","","false","false","136758429","99013750","37744679"
"CUS-0048","90","Sami ullah drosh","Sami ullah","سمیع ہللا دروش","","rg-drosh","دروش","","false","false","9595230","7339000","2256230"
"CUS-0049","91","Nadar khan drsoh","Nadar khan","نادر خان دروش","","rg-drosh","دروش","","false","false","40399317","28310000","12089317"
"CUS-0050","92","Jan alam drsoh","Jan alam","جان عالم دروش","","rg-drosh","دروش","","false","false","10609150","9564850","1044300"
"CUS-0051","93","Khosh nazir drosh","Khosh nazir","خوش نزیر دروش","","rg-drosh","دروش","","false","false","2853700","2313200","540500"
"CUS-0052","94","Mukhtyar drsoh","Mukhtyar","مختیار دروش","","rg-drosh","دروش","","false","false","7701750","5346000","2355750"
"CUS-0053","95","israr sahibabd","israr","ارسار صاحب اباد","","rg-sahib-abad","صاحب آباد","صاحب آباد ٹو خاگرام","false","false","520000","420000","100000"
"CUS-0054","96","Nor muhmmad drsoh","Nor muhmmad","نور دمحم دروش","","rg-drosh","دروش","","false","false","16116590","12455000","3661590"
"CUS-0055","97","Dilawar khan drsoh","Dilawar khan","دالور خان دروش","","rg-drosh","دروش","","false","false","5693360","5000440","692920"
"CUS-0056","98","Ahamd hussain drsoh","Ahamd hussain","احمد حسیر دروش","","rg-drosh","دروش","","false","false","28396865","19129551","9267314"
"CUS-0057","99","Shahab hussain drsoh","Shahab hussain","شہاب الدین دروش","","rg-drosh","دروش","","false","false","3936300","2905000","1031300"
"CUS-0058","100","Amjad ashrait","Amjad","امجد عشر یت","","rg-drosh","","","false","false","14338490","11603280","2735210"
"CUS-0059","101","Adam khan haji drsoh","Adam khan haji","ادم خان حاجی دروش","","rg-drosh","دروش","","false","false","19639495","14813150","4826345"
"CUS-0060","103","Murad drsoh","Murad","مراد دروش","","rg-drosh","دروش","","false","false","417110","265000","152110"
"CUS-0061","104","Hizbullah drsoh","Hizbullah","حزب ہللا دروش","","rg-drosh","دروش","","false","false","2152935","1450000","702935"
"CUS-0062","105","Riaz drosh","Riaz","ریاض دروش","","rg-drosh","دروش","","false","false","1338900","850000","488900"
"CUS-0063","106","Nazir ahmad kochngol","Nazir ahmad","نزیر احمد کوچھانگول","","rg-drosh","","","false","false","2777450","2107600","669850"
"CUS-0064","107","Muhmmad amin qari drsoh","Muhmmad amin qari","دمحم امیر قاری دروش","","rg-drosh","دروش","","false","false","7817200","5887000","1930200"
"CUS-0065","108","Zahid lal drsoh","Zahid lal","زاھد الل دروش","","rg-drosh","دروش","","false","false","595900","557500","38400"
"CUS-0066","110","Fahim drsoh","Fahim","فھیم دروش","","rg-drosh","دروش","","false","false","2462000","2106500","355500"
"CUS-0067","111","jehanzib drosh","jehanzib","جہانزیب دروش","","rg-drosh","دروش","","false","false","4156650","3390000","766650"
"CUS-0068","112","Saeed ullah drsoh","Saeed ullah","سعید ہللا دروش","","rg-drosh","دروش","","false","false","1219800","911000","308800"
"CUS-0069","113","Sha muhmmad drsoh","Sha muhmmad","شاہ دمحم دروش","","rg-drosh","دروش","","false","false","5883000","4333500","1549500"
"CUS-0070","114","Muhmmad nasir drsoh","Muhmmad nasir","دمحم نصیر دروش","","rg-drosh","دروش","","false","false","549500","355000","194500"
"CUS-0071","117","Maaz ullah chitral","Maaz ullah","معازہللا ال","","rg-lower-chitral","چترال","","false","false","155482768","125184737","30298030.5"
"CUS-0072","118","Inayat and sons ataliq bazar","","عنایت اینڈ سین اطالیق بازار","","rg-lower-chitral","","","false","false","2164000","1684700","479300"
"CUS-0073","119","Wazir jan haji guldor choke","Wazir jan haji guldor","وزیر جان حاجی گلدرو چوک","","rg-lower-chitral","","","false","false","15244140","12262210","2981930"
"CUS-0074","120","Izhar pehlawan new bazar","Izhar pehlawan new","اظہار پہلوان نیو بازار","","rg-lower-chitral","","","false","false","989550","951800","37750"
"CUS-0075","122","Aminullah krobisht bazar","Aminullah krobisht","چیر امیر ہللا کروبشت بازار","","rg-lower-chitral","","","false","false","27988740","22167600","5821140"
"CUS-0076","123","Waris khan ataliq bazar","Waris khan ataliq","وارث خان اطالیق بازار","","rg-lower-chitral","","","false","false","91285012","74941350","16343662"
"CUS-0077","125","Adnan shahi masjid rod","Adnan shahi masjid","عدنان شایہ مسجید روڈ","","rg-lower-chitral","","","false","false","17610140","15000000","2610140"
"CUS-0078","126","Haji fazal muhmmad marhom","Haji fazal muhmmad","چیر حاجی فضل دمحم مرحوم","","rg-lower-chitral","","","false","false","82123800","72997550","9126250"
"CUS-0079","128","Musa bamborait","Musa","مویس بمبوریت","","rg-lower-chitral","بمبوریت","","false","false","13123250","10600000","2523250"
"CUS-0080","129","Hussain shah chew ful","Hussain shah chew","حسیر شاہ چیو پل","","rg-lower-chitral","","","false","false","3461600","2830100","631500"
"CUS-0081","130","Haji abdul latif polo ground","Haji abdul latif polo","حاجی عبدلطیف پولو گراونڈ","","rg-lower-chitral","","","false","false","12872520","10220000","2652520"
"CUS-0082","132","Safir ullah chmrkaan","Safir ullah","سفیر ہللا چمرکن","","rg-lower-chitral","","","false","false","13252055","10743860","2508195"
"CUS-0083","133","Imran bakrabad","Imran","عمران بکر اباد","","rg-lower-chitral","","","false","false","4033200","3810700","222500"
"CUS-0084","134","Inayat ataliq bazar","Inayat ataliq","عنایت اطالیق بازار","","rg-lower-chitral","","","false","false","2052100","1559000","493100"
"CUS-0085","135","Qadir zakir ataliq bazar","Qadir zakir ataliq","قادر زاکر اطالیق بازار","","rg-lower-chitral","","","false","false","4479855","3450000","1029855"
"CUS-0086","136","Hazrat uddin shahi ada","Hazrat uddin shahi","حض ت الدین شایھ اڈہ","","rg-lower-chitral","","","false","false","17129550","14267150","2862400"
"CUS-0087","137","Ghous uddin dewan markit","Ghous uddin dewan","چیر غوث الدین دیوان مارکیٹ","","rg-lower-chitral","","","false","false","13905280","10149600","3755680"
"CUS-0088","138","Mir azam afsar khan bahipas","Mir azam afsar khan","چیر میر اعظم افرس خان بایی پاس","","rg-lower-chitral","","","false","false","25140975","20218150","4922825"
"CUS-0089","139","Inam traffic wala","Inam traffic","انعام ٹریفیک واال","","rg-dir-bazar","","دیر ٹو داروڑہ","true","true","98700","77500","21200"
"CUS-0090","140","Wazir ali sha ataliq bazar","Wazir ali sha ataliq","وزیر عیل شاہ اطالیق بازار","","rg-lower-chitral","","","false","false","37404253","35241508","2162745"
"CUS-0091","141","Muhmmad rafi new shahi ada","Muhmmad rafi new shahi","چیر دمحم رفیع نیو شایھ اڈہ","","rg-lower-chitral","","","false","false","8865800","5987250","2878550"
"CUS-0092","142","Farzand ali polo ground","Farzand ali polo","چیر فرزند عیل پولو گراونڈ","","rg-lower-chitral","","","false","false","1363875","1055000","308875"
"CUS-0093","143","Mehtab and brother shahi","","روڈ مسجد مہتاب اینڈ برادر شایھ","","rg-lower-chitral","","","false","false","25766097","18799995","6966102"
"CUS-0094","144","Haji abdullah jan bahipas","Haji abdullah jan","حاجی عبدہللا جان بایی پاس","","rg-lower-chitral","","","false","false","26019550","20408440","5611110"
"CUS-0095","145","Wali zar polo ground","Wali zar polo","وایل زار پولو گراونڈ","","rg-lower-chitral","","","false","false","3288250","2230000","1058250"
"CUS-0096","146","Zafar ullah berozgar choke","Zafar ullah berozgar","ظفرہللا بیر وزگار چوک","","rg-lower-chitral","","","false","false","2172800","1665000","507800"
"CUS-0097","147","Nor ul amin new sahi ada","Nor ul amin new sahi","نور المیر نیو شایہ اڈہ","","rg-lower-chitral","","","false","false","5532800","4482800","1050000"
"CUS-0098","148","Rahmat elahi polo ground","Rahmat elahi polo","رحمت الیہ پولو گراونڈ","","rg-lower-chitral","","","false","false","17297560","15000000","2297560"
"CUS-0099","149","Sher nayab new adda","Sher nayab new","شیر نایب نیو اڈہ","","rg-lower-chitral","","","false","false","17993800","15020000","2973800"
"CUS-0100","150","ijaz gharmchasma","ijaz","اعجاز گرم چشمہ","","rg-upper-chitral","گرم چشمہ","","false","false","817500","765000","52500"
"CUS-0101","152","Khorshaid ahmad PiA choke","Khorshaid ahmad PiA","چیر خورشید احمد یی ای یی چوک","","rg-lower-chitral","","","false","false","2522749","2000000","522749"
"CUS-0102","153","Timor shah ataliq bazar","Timor shah ataliq","چیر تیمور شاہ اطالیق بازار","","rg-lower-chitral","","","false","false","18225350","14157200","4068150"
"CUS-0103","154","Wazir hussain new shahi ada","Wazir hussain new shahi","وزیر حسیر نیو شایھ اڈہ","","rg-lower-chitral","","","false","false","3653650","2844650","809000"
"CUS-0104","156","Abdul wali polo ground","Abdul wali polo","عبدلویل پولو گراونڈ","","rg-lower-chitral","","","false","false","2746275","2112775","633500"
"CUS-0105","157","Burhan uddin bhai pas","Burhan uddin bhai","چیر برھان الدین بایی پاس","","rg-lower-chitral","","","false","false","20200200","17240000","2960200"
"CUS-0106","159","Yaqob polo ground","Yaqob polo","یعقوب پولو گراونڈ","","rg-lower-chitral","","","false","false","322890","280000","42890"
"CUS-0107","160","Qurban uddin new sahi ada","Qurban uddin new sahi","قربان الدین نیو شایھ اڈہ","","rg-lower-chitral","","","false","false","14131850","12546350","1585500"
"CUS-0108","162","Qadir nawaz bahi pas","Qadir nawaz bahi","قدیر نواز بایی پاس","","rg-lower-chitral","","","false","false","912150","706000","206150"
"CUS-0109","163","Ahmad khan polo ground","Ahmad khan polo","احمد خان پولو گراونڈ","","rg-lower-chitral","","","false","false","3620075","2696250","923825"
"CUS-0110","164","Zahir uddin new shahi ada","Zahir uddin new shahi","چیر ظاھر الدین نیو شایھ اڈہ","","rg-lower-chitral","","","false","false","5606750","3880000","1726750"
"CUS-0111","165","Nor karm shah ataliq ada","Nor karm shah ataliq","نور کرم شاہ اطالیق اڈھ","","rg-lower-chitral","","","false","false","5559250","4790000","769250"
"CUS-0112","166","Haji taj rasol bahi pas","Haji taj rasol bahi","حاجی تاج رسول بایی پاس","","rg-lower-chitral","","","false","false","3516850","2940850","576000"
"CUS-0113","167","Shuja uddin broz","Shuja uddin","شجاع الدین بروز","","rg-lower-chitral","بروز","","false","false","6132000","4856500","1275500"
"CUS-0114","168","Rahat ali polo ground","Rahat ali polo","راحت عیل پولو گراونڈ","","rg-lower-chitral","","","false","false","15977650","13030000","2947650"
"CUS-0115","169","Nasar ul mulk new ataliq bazar","Nasar ul mulk new ataliq","نارص الملک نیو اطالیق بازار","","rg-lower-chitral","","","false","false","4557600","4007600","550000"
"CUS-0116","170","Hakim dad plo ground","Hakim dad plo","حکیم دادا پولو گراونڈ","","rg-lower-chitral","","","false","false","3631900","2100000","1531900"
"CUS-0117","171","Zahid kashmir bikree DCO rod","Zahid kashmir bikree DCO","زاہد کشمیر بیکری روڈ","","rg-lower-chitral","","","false","false","3284870","3084870","200000"
"CUS-0118","172","Nizam uddin new ataliq ada","Nizam uddin new ataliq","نظام الدین نیو اطالیق اڈہ","","rg-lower-chitral","","","false","false","4254250","3712750","541500"
"CUS-0119","173","Munawar habib ataliq bazar","Munawar habib ataliq","منور حبیب اطالیق بازار","","rg-lower-chitral","","","false","false","6288750","5392000","896750"
"CUS-0120","174","Fazal razaq jaghor","Fazal razaq","فضل رازاق جغور","","rg-lower-chitral","جغور","","false","false","3657695","3202300","455395"
"CUS-0121","175","Shahab chew ful","Shahab chew","شہاب چیو پل","","rg-lower-chitral","","","false","false","2406330","1803580","602750"
"CUS-0122","176","Khalid sardar ataliq bazar","Khalid sardar ataliq","خالد رسدار اطالیق بازار","","rg-lower-chitral","","","false","false","1415113","535000","880113"
"CUS-0123","177","Israil brawal","Israil","چیر اشاعیل براول","","rg-barawal","براول","","false","false","76223800","66731025","9492775"
"CUS-0124","178","Wazir shahi bazar","Wazir shahi","وزیر شایھ بازار","","rg-lower-chitral","","","false","false","96540","10000","86540"
"CUS-0125","180","Nor hussain ataliq bazar","Nor hussain ataliq","نور حسیر اطالیق بازار","","rg-lower-chitral","","","false","false","4073500","3150000","923500"
"CUS-0126","181","Saif ul ahmad new sahi ada","Saif ul ahmad new sahi","سیف الحمد نیو شایھ اڈہ","","rg-lower-chitral","","","false","false","4057500","3815500","242000"
"CUS-0127","182","Bashir nawaz chamrkan","Bashir nawaz","بشیر نواز چمرکن","","rg-lower-chitral","چمرکن","","false","false","195750","146500","49250"
"CUS-0128","183","Haji siraj marhom","Haji siraj","حاجی سیر اج مرحوم","","rg-lower-chitral","","","false","false","1191420","887000","304420"
"CUS-0129","184","Haji musafar mrahom bahi pasa","Haji musafar mrahom bahi","حاجی مسافر مرحوم بایی پاس","","rg-lower-chitral","","","false","false","5197137","0","5197137"
"CUS-0130","185","Manzor boni","Manzor","بونن منظور","","rg-upper-chitral","بونی","","false","false","798350","400000","398350"
"CUS-0131","186","Imran boni","Imran","عمران","","rg-upper-chitral","بونی","","false","false","16958270","14444600","2513670"
"CUS-0132","187","Murad gharam chasama","Murad gharam","مراد گرم چشمہ","","rg-upper-chitral","","","false","false","4605248","4097000","508248"
"CUS-0133","188","Sardar ali shah gharamchasam","Sardar ali shah","رسدار عیل شاہ گرم چشمہ","","rg-upper-chitral","","","false","false","12311500","9000000","3311500"
"CUS-0134","189","Rashid gharam chasma","Rashid gharam","رشید گرم چشمہ","","rg-upper-chitral","","","false","false","7646650","6829600","817050"
"CUS-0135","190","Rahmat khan boni","Rahmat khan","رحمت خان","","rg-upper-chitral","بونی","","false","false","870250","655700","214550"
"CUS-0136","191","Iqbal shaheen ghramchasma","Iqbal shaheen","اقبال شاہیر گرم چشمہ","","rg-upper-chitral","گرم چشمہ","","false","false","12067860","8445450","3622410"
"CUS-0137","192","Sadam husain breif","Sadam husain","صدام حسیر بریف","","rg-upper-chitral","","","false","false","9243925","6288800","2955125"
"CUS-0138","193","Sultan uddin songhar","Sultan uddin","بونن سلطان الدین سنوغر","","rg-upper-chitral","سنوغر","","false","false","1728925","1280000","448925"
"CUS-0139","194","Fazal azam gharmchasma","Fazal azam","بونن مصطفن فضل اعظم گرم چشمہ","","rg-upper-chitral","گرم چشمہ","","false","false","1800","0","1800"
"CUS-0140","195","Haroon rashid drosh","Haroon rashid","ھارون رشید دروش","","rg-drosh","دروش","","false","false","630000","525000","105000"
"CUS-0141","196","Mir zaman baig boni","Mir zaman baig","میر زامن بیگ","","rg-upper-chitral","بونی","","false","false","5110200","3530000","1580200"
"CUS-0142","197","Shahid and brother boni","","شاھد اینڈ برادرز","","rg-upper-chitral","بونی","","false","false","6001150","4150000","1851150"
"CUS-0143","199","Altaf hussain boni","Altaf hussain","الطاف حسیر","","rg-upper-chitral","بونی","","false","false","8777500","6600000","2177500"
"CUS-0144","200","Haji sher bahdar drsoh","Haji sher bahdar","بونن حاجر شیر بھادر دروش","","rg-drosh","دروش","","false","false","60354630","39350000","21004630"
"CUS-0145","201","Nor bahdar shah ayon","Nor bahdar shah","نور بھادر شاہ ایون","","rg-upper-chitral","ایون","","false","false","8454885","5798750","2656135"
"CUS-0146","203","Bul bul baig boni","Bul bul baig","بلبل بیگ","","rg-upper-chitral","بونی","","false","false","3862150","2600000","1262150"
"CUS-0147","207","Zafar bikre boni","Zafar bikre","بونن ظفر بیکری","","rg-upper-chitral","بونی","","false","false","15213801","10090001","5123800"
"CUS-0148","208","Ghulam mustfa boni","Ghulam mustfa","بونن غالم","","rg-upper-chitral","بونی","","false","false","34184363","21750000","12434362.5"
"CUS-0149","209","Riaz gharamchasma","Riaz","ریاض گرم چسمہ","","rg-upper-chitral","گرم چشمہ","","false","false","18833160","17200000","1633160"
"CUS-0150","210","Abdul nasar mastuj","Abdul nasar","عبدلنارص مستوج","","rg-upper-chitral","مستوج","","false","false","27192980","26000080","1192900"
"CUS-0151","211","Janab gul brief","Janab gul","بونن جناب گل بریف","","rg-upper-chitral","","","false","false","1223658","1138158","85500"
"CUS-0152","212","Abdul amin boni","Abdul amin","بونن عبداالمیر","","rg-upper-chitral","بونی","","false","false","22137600","13900000","8237600"
"CUS-0153","213","Akbar hussain reshon","Akbar hussain","بونن اکیر حسیر ریشون","","rg-upper-chitral","ریشون","","false","false","2192050","1901550","290500"
"CUS-0154","214","Irfan gharmchasam","Irfan","بونن عرفان گرم چشمہ","","rg-upper-chitral","","","false","false","162500","160000","2500"
"CUS-0155","215","Abdul aziz boni","Abdul aziz","عبدالعزیز","","rg-upper-chitral","بونی","","false","false","6365750","4850000","1515750"
"CUS-0156","216","Hindokass bikree boni","Hindokass bikree","بونن ہندوکش بیکری","","rg-upper-chitral","بونی","","false","false","2424250","2390000","34250"
"CUS-0157","219","Inam boni","Inam","انعام","","rg-upper-chitral","بونی","","false","false","15000","0","15000"
"CUS-0158","221","Ibrahim boni","Ibrahim","بونن ابراہم","","rg-upper-chitral","بونی","","false","false","1976800","1638800","338000"
"CUS-0159","222","Munir perawak","Munir","منیر پرواک","","rg-upper-chitral","پرواک","","false","false","4420102","2400000","2020102"
"CUS-0160","223","Zakir hussain boni","Zakir hussain","بونن زاکر حسیر","","rg-upper-chitral","بونی","","false","false","2734050","1650000","1084050"
"CUS-0161","225","Anwar and brother mastuj","","بونن انور اینڈ برادر مستوج","","rg-upper-chitral","مستوج","","false","false","845350","0","845350"
"CUS-0162","226","Habib ullah boni","Habib ullah","بونن حبیب ہللا","","rg-upper-chitral","بونی","","false","false","1101800","902050","199750"
"CUS-0163","228","Ijaza koragh","Ijaza","بونن اعجاز کوراغ","","rg-upper-chitral","کوراغ","","false","false","1345100","1055950","289150"
"CUS-0164","230","Imtiaz prawak","Imtiaz","بونن امتیاز پرواک","","rg-upper-chitral","پرواک","","false","false","5400","0","5400"
"CUS-0165","231","Tariq boni","Tariq","بونن طارق","","rg-upper-chitral","بونی","","false","false","2168750","1810000","358750"
"CUS-0166","232","Qurban gharmchasma","Qurban","بونن قربان گرم چشمہ","","rg-upper-chitral","گرم چشمہ","","false","false","3309100","3300000","9100"
"CUS-0167","233","Hadir boni","Hadir","حیدر","","rg-upper-chitral","بونی","","false","false","3203150","2478150","725000"
"CUS-0168","235","Usman boni","Usman","بونن عثمان","","rg-upper-chitral","بونی","","false","false","127100","120000","7100"
"CUS-0169","266","Ibrahim chukyatan","Ibrahim","ابراھیم چکیاتن","","rg-dir-bazar","چکیاتن","دیر ٹو داروڑہ","true","true","2993950","2569000","424950"
"CUS-0170","268","Asil muhmmad darora","Asil muhmmad","اصیل دمحم داروسہ","","rg-dir-bazar","داروڑہ","دیر ٹو داروڑہ","false","false","2743500","2218000","525500"
"CUS-0171","269","Amir bacha pump","Amir bacha","امیر باچا پمپ","","rg-dir-bazar","پمپ","دیر ٹو داروڑہ","true","true","1946500","1500000","446500"
"CUS-0172","270","Amir rahman kotky","Amir rahman","امیر رحمان کوٹےک","","rg-dir-bazar","کوٹکی","دیر ٹو داروڑہ","true","true","7532670","6562870","969800"
"CUS-0173","271","Ahmad bukhari darora","Ahmad bukhari","احمد بخاری داروسہ","","rg-dir-bazar","داروڑہ","دیر ٹو داروڑہ","false","false","3920600","3151250","769350"
"CUS-0174","272","Amin ullah pump","Amin ullah","امیر ہللا پمپ","","rg-dir-bazar","پمپ","دیر ٹو داروڑہ","true","true","6390670","5149700","1240970"
"CUS-0175","273","Ijaz sahib darora","Ijaz sahib","اعجاز صاحب داروسہ","","rg-dir-bazar","داروڑہ","دیر ٹو داروڑہ","false","false","9001810","7120175","1881635"
"CUS-0176","274","Bakhti rawan bibyawar","Bakhti rawan","بختی راوان بیبیوس","","rg-dir-bazar","بیبیوس","دیر ٹو داروڑہ","true","true","368400","336000","32400"
"CUS-0177","275","Izaz ullah darora","Izaz ullah","اعزاز ہللا داروسہ","","rg-dir-bazar","داروڑہ","دیر ٹو داروڑہ","false","false","9433955","7638055","1795900"
"CUS-0178","276","Amir zib darora","Amir zib","امیر زیب داروسہ","","rg-dir-bazar","داروڑہ","دیر ٹو داروڑہ","false","false","3048710","2407000","641710"
"CUS-0179","278","Asghar khan chukyatan","Asghar khan","اصغر خان چکیاتن","","rg-dir-bazar","چکیاتن","دیر ٹو داروڑہ","true","true","11472050","8880000","2592050"
"CUS-0180","279","Arshad darora","Arshad","ارشد داروسہ","","rg-dir-bazar","داروڑہ","دیر ٹو داروڑہ","false","false","1147225","855100","292125"
"CUS-0181","280","Babo sahib darora","Babo sahib","بابو صاحب داروسہ","","rg-dir-bazar","داروڑہ","دیر ٹو داروڑہ","false","false","1742190","1470000","272190"
"CUS-0182","283","Javed bebyawar","Javed","جاوید بیبیوس","","rg-dir-bazar","بیبیوس","دیر ٹو داروڑہ","true","true","0","2000","-2000"
"CUS-0183","286","Jan yousaf bibyawar","Jan yousaf","جان یوصف بیبیوس","","rg-dir-bazar","بیبیوس","دیر ٹو داروڑہ","true","true","21000","0","21000"
"CUS-0184","290","Hakim ullah darora","Hakim ullah","حکیم ہللا داروسہ","","rg-dir-bazar","داروڑہ","دیر ٹو داروڑہ","false","false","2583250","2050250","533000"
"CUS-0185","291","Khaistarahman darora","Khaistarahman","خایستہ رحمان داروسہ","","rg-dir-bazar","داروڑہ","دیر ٹو داروڑہ","false","false","2463600","1715600","748000"
"CUS-0186","292","Diyanat carporation darora","","دیانت کارپوریشن داروسہ","","rg-dir-bazar","داروڑہ","دیر ٹو داروڑہ","false","false","1347500","1307500","40000"
"CUS-0187","293","Khan wali darora","Khan wali","خان ویل داروسہ","","rg-dir-bazar","داروڑہ","دیر ٹو داروڑہ","false","false","3141000","2584000","557000"
"CUS-0188","294","Darvesh bibyawar","Darvesh","درویش بیبیوس","","rg-dir-bazar","بیبیوس","دیر ٹو داروڑہ","true","true","2893600","2662000","231600"
"CUS-0189","296","javed khan bala bazar","javed khan bala","جاوید خان باال بازار","","rg-dir-bazar","","","false","false","702800","571500","131300"
"CUS-0190","299","Zam zam tak","Zam zam","زم زم ٹک","","rg-dir-bazar","","دیر ٹو داروڑہ","true","true","2626660","2030200","596460"
"CUS-0191","303","Shoaib darora","Shoaib","شعیب داروسہ","","rg-dir-bazar","داروڑہ","دیر ٹو داروڑہ","false","false","950000","744250","205750"
"CUS-0192","304","Sahib zada chukyatan","Sahib zada","صاحب زادہ چکیاتن","","rg-dir-bazar","چکیاتن","دیر ٹو داروڑہ","true","true","2463870","1896600","567270"
"CUS-0193","305","Haji saeed hakim darora","Haji saeed hakim","حاجی سیعد حکیم داروسہ","","rg-dir-bazar","داروڑہ","دیر ٹو داروڑہ","false","false","3980040","3222500","757540"
"CUS-0194","307","Sultan rahim chukyatan","Sultan rahim","سلطان الرحیم چکیاتن","","rg-dir-bazar","چکیاتن","دیر ٹو داروڑہ","true","true","1309650","1144000","165650"
"CUS-0195","308","Shoukat darora","Shoukat","شوکت داروسہ","","rg-dir-bazar","داروڑہ","دیر ٹو داروڑہ","false","false","7128725","5254500","1874225"
"CUS-0196","310","Sherin ullah darora","Sherin ullah","شیر ین ہللا داروسہ","","rg-dir-bazar","داروڑہ","دیر ٹو داروڑہ","false","false","409000","367500","41500"
"CUS-0197","311","Shahab uddin bibyawar","Shahab uddin","شہاب الدین بیبیوس","","rg-dir-bazar","بیبیوس","دیر ٹو داروڑہ","true","true","920200","783500","136700"
"CUS-0198","312","Sadam hussain darora","Sadam hussain","صدام حسیر داروسہ","","rg-dir-bazar","داروڑہ","دیر ٹو داروڑہ","false","false","14420000","12543750","1876250"
"CUS-0199","317","Sudais darora","Sudais","سدیس داروسہ","","rg-dir-bazar","داروڑہ","دیر ٹو داروڑہ","false","false","510900","490900","20000"
"CUS-0200","318","Umar ayaz darora","Umar ayaz","عمر ایاز داروسہ","","rg-dir-bazar","داروڑہ","دیر ٹو داروڑہ","false","false","1710900","1416000","294900"
"CUS-0201","319","Abdul wahab darora","Abdul wahab","عبدلواہاب داروسہ","","rg-dir-bazar","داروڑہ","دیر ٹو داروڑہ","false","false","1243000","1076500","166500"
"CUS-0202","320","Imran pump","Imran","عمران پمپ","","rg-dir-bazar","پمپ","دیر ٹو داروڑہ","true","true","3492690","2713250","779440"
"CUS-0203","321","Aqlim ullah darora","Aqlim ullah","عقلیم ہللا داروسہ","","rg-dir-bazar","داروڑہ","دیر ٹو داروڑہ","false","false","1975300","1645000","330300"
"CUS-0204","322","Usman darora","Usman","عثمان داروسہ","","rg-dir-bazar","داروڑہ","دیر ٹو داروڑہ","false","false","6526940","5060000","1466940"
"CUS-0205","323","Aziz ullah darora","Aziz ullah","عزیز ہللا داروسہ","","rg-dir-bazar","داروڑہ","دیر ٹو داروڑہ","false","false","3221650","2593750","627900"
"CUS-0206","324","Ayan ullah darora","Ayan ullah","عیان ہللا داروسہ","","rg-dir-bazar","داروڑہ","دیر ٹو داروڑہ","false","false","1710900","1385500","325400"
"CUS-0207","325","Irfan darora","Irfan","عرفان داروسہ","","rg-dir-bazar","داروڑہ","دیر ٹو داروڑہ","false","false","336550","279550","57000"
"CUS-0208","326","Umara khan chukyatan","Umara khan","عمراخان چکیاتن","","rg-dir-bazar","چکیاتن","دیر ٹو داروڑہ","true","true","927000","717000","210000"
"CUS-0209","327","Tariq darora","Tariq","طارق داروسہ","","rg-dir-bazar","داروڑہ","دیر ٹو داروڑہ","false","false","945850","808000","137850"
"CUS-0210","332","Ataullah darora","Ataullah","عطاہلل داروسہ","","rg-dir-bazar","داروڑہ","دیر ٹو داروڑہ","false","false","786900","686900","100000"
"CUS-0211","333","Anwar bacha","bacha","انوار باچا","","rg-sahib-abad","","صاحب آباد ٹو خاگرام","true","true","14907725","11111800","3795925"
"CUS-0212","334","Ihsan ullah khagram","Ihsan ullah","احسان ہللا خاگرام","","rg-kha-gram","خاگرام","صاحب آباد ٹو خاگرام","false","false","4218600","3396900","821700"
"CUS-0213","335","Itihad carporation khagram","","اتحاد کارپوریشن خاگرام","","rg-kha-gram","خاگرام","صاحب آباد ٹو خاگرام","false","false","6080335","4502000","1578335"
"CUS-0214","336","Irshad khagram","Irshad","ارشاد خاگرام","","rg-kha-gram","خاگرام","صاحب آباد ٹو خاگرام","false","false","5072924","3919999","1152925"
"CUS-0215","337","Bakht e amin khagram","Bakht e amin","بخت امیر خاگرام","","rg-kha-gram","خاگرام","صاحب آباد ٹو خاگرام","false","false","10082980","7955000","2127980"
"CUS-0216","338","Iqbal hussain wari","Iqbal hussain","اقبال حسیر واسی","","rg-sahib-abad","واری","صاحب آباد ٹو خاگرام","true","true","1500200","1315000","185200"
"CUS-0217","339","Al raji wari","Al raji","الراجی واسی","","rg-sahib-abad","واری","صاحب آباد ٹو خاگرام","true","true","35098137","25374200","9723937"
"CUS-0218","342","Ijaz khagram","Ijaz","اعجاز خاگرام","","rg-kha-gram","خاگرام","صاحب آباد ٹو خاگرام","false","false","2022740","1450000","572740"
"CUS-0219","343","Amin ul haq wari","Amin ul haq","امیر الحق واسی","","rg-sahib-abad","واری","صاحب آباد ٹو خاگرام","true","true","11563700","8749800","2813900"
"CUS-0220","344","Bacha islam wari","Bacha islam","باچااسالم واسی","","rg-sahib-abad","واری","صاحب آباد ٹو خاگرام","true","true","2112150","1585900","526250"
"CUS-0221","345","Ismail digmar","Ismail","اسماعیل دیگمار","","rg-sahib-abad","دیگمار","صاحب آباد ٹو خاگرام","true","true","822300","813430","8870"
"CUS-0222","346","Bahadar zib wari","Bahadar zib","بھادر زیب واسی","","rg-sahib-abad","واری","صاحب آباد ٹو خاگرام","true","true","762000","622000","140000"
"CUS-0223","351","Janat gul khagram","Janat gul","جنت گل خاگرام","","rg-kha-gram","خاگرام","صاحب آباد ٹو خاگرام","false","false","8478920","6868500","1610420"
"CUS-0224","352","Jamil khagram","Jamil","جمیل خاگرام","","rg-kha-gram","خاگرام","صاحب آباد ٹو خاگرام","false","false","2620270","2022000","598270"
"CUS-0225","354","Jaman ullah khagram","Jaman ullah","جمان ہللا خاگرام","","rg-kha-gram","خاگرام","صاحب آباد ٹو خاگرام","false","false","11987625","9561075","2426550"
"CUS-0226","355","Javed wari","Javed","جاوید واسی","","rg-sahib-abad","واری","صاحب آباد ٹو خاگرام","true","true","1939500","1545000","394500"
"CUS-0227","356","Jan dad wari","Jan dad","جان داد واسی","","rg-sahib-abad","واری","صاحب آباد ٹو خاگرام","true","true","1350500","1167500","183000"
"CUS-0228","357","Jawad khgram","Jawad","جواد خاگرام","","rg-kha-gram","خاگرام","صاحب آباد ٹو خاگرام","false","false","2095850","1540400","555450"
"CUS-0229","358","Jan bacha khagram","Jan bacha","جان باچہ خاگرام","","rg-kha-gram","خاگرام","صاحب آباد ٹو خاگرام","false","false","4729000","3480000","1249000"
"CUS-0230","359","Dilawar khan wari","Dilawar khan","دالور خان واسی","","rg-sahib-abad","واری","صاحب آباد ٹو خاگرام","true","true","4088100","3615200","472900"
"CUS-0231","360","Hamid ullah foods khagram","","حمید ہللا فودز خاگرام","","rg-kha-gram","خاگرام","صاحب آباد ٹو خاگرام","false","false","1214200","926000","288200"
"CUS-0232","362","Hayat ullah sahib abad","Hayat ullah sahib","حیات ہللا صاحب اباد","","rg-sahib-abad","","صاحب آباد ٹو خاگرام","true","true","1605400","1296750","308650"
"CUS-0233","363","Darvish wari","Darvish","درویش واسی","","rg-sahib-abad","واری","صاحب آباد ٹو خاگرام","true","true","3336700","2924500","412200"
"CUS-0234","364","Khorshid wari","Khorshid","خورشید واسی","","rg-sahib-abad","واری","صاحب آباد ٹو خاگرام","true","true","2282250","2041750","240500"
"CUS-0235","365","Hasan zib khagram","Hasan zib","حسن زیب خاگرام","","rg-kha-gram","خاگرام","صاحب آباد ٹو خاگرام","false","false","1352450","1310450","42000"
"CUS-0236","367","Rafiq carporation khagram","","رفیق کارپوریشن","","rg-kha-gram","خاگرام","صاحب آباد ٹو خاگرام","false","false","1170000","1165000","5000"
"CUS-0237","368","Zib carporation wari","","زیب کارپوریشن واسی","","rg-sahib-abad","واری","صاحب آباد ٹو خاگرام","true","true","1891460","1485000","406460"
"CUS-0238","369","Rashid wari","Rashid","رشید واسی","","rg-sahib-abad","واری","صاحب آباد ٹو خاگرام","true","true","2242420","1696000","546420"
"CUS-0239","371","Rafi ullah wari","Rafi ullah","رفیع ہللا واسی","","rg-sahib-abad","واری","صاحب آباد ٹو خاگرام","true","true","14706240","12375500","2330740"
"CUS-0240","372","Shakir ullah wari","Shakir ullah","شاکر ہللا واسی","","rg-sahib-abad","واری","صاحب آباد ٹو خاگرام","true","true","2209325","1703300","506025"
"CUS-0241","373","Shahab uddin khagram","Shahab uddin","شہاب الدین خاگرام","","rg-kha-gram","خاگرام","صاحب آباد ٹو خاگرام","false","false","1373010","1066300","306710"
"CUS-0242","374","Sadam hussain wari","Sadam hussain","صدام حسیر واسی","","rg-sahib-abad","واری","صاحب آباد ٹو خاگرام","true","true","2335960","1665000","670960"
"CUS-0243","375","Sherafzal khagram","Sherafzal","شیر افضل خاگرام","","rg-kha-gram","خاگرام","صاحب آباد ٹو خاگرام","false","false","2120350","1630000","490350"
"CUS-0244","376","Siraj munir khagram","Siraj munir","سیر اج منیر خاگرام","","rg-kha-gram","خاگرام","صاحب آباد ٹو خاگرام","false","false","1959700","1596000","363700"
"CUS-0245","377","Sayed awar khan khagram","Sayed awar khan","سید اوار خان خاگرام","","rg-kha-gram","خاگرام","صاحب آباد ٹو خاگرام","false","false","999300","735500","263800"
"CUS-0246","378","Sami ullah khagram","Sami ullah","سمیع ہللا خاگرام","","rg-kha-gram","خاگرام","صاحب آباد ٹو خاگرام","false","false","1986650","1616000","370650"
"CUS-0247","380","Sherin zada sahibabad","Sherin zada","شیر ین زادہ صاحب اباد","","rg-sahib-abad","صاحب آباد","صاحب آباد ٹو خاگرام","false","false","174150","168000","6150"
"CUS-0248","381","Shams ul haq sahibabad","Shams ul haq","شمس الحق صاحب اباد","","rg-sahib-abad","صاحب آباد","صاحب آباد ٹو خاگرام","false","false","259800","242800","17000"
"CUS-0249","383","Shariq khal","Shariq","شاریق خال","","rg-sahib-abad","خال","صاحب آباد ٹو خاگرام","true","true","187500","0","187500"
"CUS-0250","386","Sherkhan khagram","Sherkhan","شیر خان خاگرام","","rg-kha-gram","خاگرام","صاحب آباد ٹو خاگرام","false","false","1080850","995000","85850"
"CUS-0251","387","Zia ur rahman khagram","Zia ur rahman","ضیاالرحمن خاگرام","","rg-kha-gram","خاگرام","صاحب آباد ٹو خاگرام","false","false","4345080","3515000","830080"
"CUS-0252","388","Zamir wari","Zamir","ضمیر واسی","","rg-sahib-abad","واری","صاحب آباد ٹو خاگرام","true","true","1698500","1140500","558000"
"CUS-0253","389","Ali muhmmad khagram","Ali muhmmad","عیل دمحم خاگرام","","rg-kha-gram","خاگرام","صاحب آباد ٹو خاگرام","false","false","69000","18000","51000"
"CUS-0254","390","Inayat wari","Inayat","عنایت واسی","","rg-sahib-abad","واری","صاحب آباد ٹو خاگرام","true","true","3152075","2580500","571575"
"CUS-0255","391","Imran wari","Imran","عمران واسی","","rg-sahib-abad","واری","صاحب آباد ٹو خاگرام","true","true","493500","358000","135500"
"CUS-0256","392","Abbas foods khagram","","عباس فوڈز خاگرام","","rg-kha-gram","خاگرام","صاحب آباد ٹو خاگرام","false","false","981700","868600","113100"
"CUS-0257","395","Fasil wari","Fasil","فیصل واسی","","rg-sahib-abad","واری","صاحب آباد ٹو خاگرام","true","true","5522890","4537700","985190"
"CUS-0258","396","Fazal bacha khagram","Fazal bacha","فضل باچا خاگرام","","rg-kha-gram","خاگرام","صاحب آباد ٹو خاگرام","false","false","537050","467000","70050"
"CUS-0259","397","Farman wari","Farman","فرمان واسی","","rg-sahib-abad","واری","صاحب آباد ٹو خاگرام","true","true","933000","900000","33000"
"CUS-0260","398","Faridon khagram","Faridon","فریدون خاگرام","","rg-kha-gram","خاگرام","صاحب آباد ٹو خاگرام","false","false","76050","8000","68050"
"CUS-0261","399","Qasim sahibabad","Qasim","قاسیم صاحب اباد","","rg-sahib-abad","صاحب آباد","صاحب آباد ٹو خاگرام","false","false","8740770","7155375","1585395"
"CUS-0262","400","Ghafar sahib abad","Ghafar sahib","غفار صاحب اباد","","rg-sahib-abad","","صاحب آباد ٹو خاگرام","true","true","3147800","2834950","312850"
"CUS-0263","401","Qabil jan khagram","Qabil jan","قابل جان خاگرام","","rg-kha-gram","خاگرام","صاحب آباد ٹو خاگرام","false","false","2611450","2125000","486450"
"CUS-0264","403","Gul azam khan khagram","Gul azam khan","گل اعظم خان خاگرام","","rg-kha-gram","خاگرام","صاحب آباد ٹو خاگرام","false","false","965800","782000","183800"
"CUS-0265","404","Muhmmad rafiq sahibabad","Muhmmad rafiq","دمحم رفیق صاحب اباد","","rg-sahib-abad","صاحب آباد","صاحب آباد ٹو خاگرام","false","false","2672580","2160000","512580"
"CUS-0266","405","Maragh ullah sahibabad","Maragh ullah","مراغ ہللا صاحب اباد","","rg-sahib-abad","صاحب آباد","صاحب آباد ٹو خاگرام","false","false","9029665","7120648","1909017"
"CUS-0267","406","Nasir khan sahibabad","Nasir khan","نصیر خان صاحب اباد","","rg-sahib-abad","صاحب آباد","صاحب آباد ٹو خاگرام","false","false","17232040","14529700","2702340"
"CUS-0268","407","Nawab wari","Nawab","نواب واسی","","rg-sahib-abad","واری","صاحب آباد ٹو خاگرام","true","true","9004000","6704000","2300000"
"CUS-0269","408","Lal zaman khagram","Lal zaman","لعل زمان خاگرام","","rg-kha-gram","خاگرام","صاحب آباد ٹو خاگرام","false","false","1758450","1390250","368200"
"CUS-0270","409","Muhmmad zamin khagram","Muhmmad zamin","دمحم زمیر خاگرام","","rg-kha-gram","خاگرام","صاحب آباد ٹو خاگرام","false","false","1524350","1160000","364350"
"CUS-0271","411","Malak khagram","Malak","ملک خاگرام","","rg-kha-gram","خاگرام","صاحب آباد ٹو خاگرام","false","false","1396550","1050450","346100"
"CUS-0272","412","Gul rahim wari","Gul rahim","گل رحیم واسی","","rg-sahib-abad","واری","صاحب آباد ٹو خاگرام","true","true","1201100","988000","213100"
"CUS-0273","413","laiq said wari","laiq said","الیق سید واسی","","rg-sahib-abad","واری","صاحب آباد ٹو خاگرام","true","true","35000","34500","500"
"CUS-0274","414","Muhmmad wasit khagram","Muhmmad wasit","دمحم وصیت خاگرام","","rg-kha-gram","خاگرام","صاحب آباد ٹو خاگرام","false","false","42100","20000","22100"
"CUS-0275","415","Gurrai baba khagram","Gurrai baba","اٹی گورسی بابا خاگرام","","rg-kha-gram","خاگرام","صاحب آباد ٹو خاگرام","false","false","2320100","1201500","1118600"
"CUS-0276","418","Nor muhmmad wari","Nor muhmmad","نور دمحم واسی","","rg-sahib-abad","واری","صاحب آباد ٹو خاگرام","true","true","5314200","4492000","822200"
"CUS-0277","419","Muhmmad zada khagram","Muhmmad zada","دمحم زادہ خاگرام","","rg-kha-gram","خاگرام","صاحب آباد ٹو خاگرام","false","false","12500","0","12500"
"CUS-0278","421","Maz ullah wari","Maz ullah","معازہللا واسی","","rg-sahib-abad","واری","صاحب آباد ٹو خاگرام","true","true","4430750","3817000","613750"
"CUS-0279","424","Nisar wari","Nisar","نثار واسی","","rg-sahib-abad","واری","صاحب آباد ٹو خاگرام","true","true","5985600","4819000","1166600"
"CUS-0280","425","Walait sahibabad","Walait","واالیت صاحب اباد","","rg-sahib-abad","صاحب آباد","صاحب آباد ٹو خاگرام","false","false","2370400","2000000","370400"
"CUS-0281","426","Yousaf sahiabad","Yousaf","یوصف صاحب اباد","","rg-sahib-abad","صاحب آباد","صاحب آباد ٹو خاگرام","false","false","2963000","2129250","833750"
"CUS-0282","427","Wakil khagram","Wakil","وکیل خاگرام","","rg-kha-gram","خاگرام","صاحب آباد ٹو خاگرام","false","false","1249480","968000","281480"
"CUS-0283","428","Mubarak zib dir","Mubarak zib","مبارک زیب دیر","","rg-dir-bazar","دیر","","false","false","18612850","15341450","3271400"
"CUS-0284","429","Raza ullah dir","Raza ullah","رضاہللا دیر","","rg-dir-bazar","دیر","","false","false","1316250","1009100","307150"
"CUS-0285","430","Mutabar khan dir","Mutabar khan","معتیی خان دیر","","rg-dir-bazar","دیر","","false","false","2151300","2090800","60500"
"CUS-0286","431","Munir khan dir","Munir khan","منیر خان","","rg-dir-bazar","دیر","","false","false","4408810","3410000","998810"
"CUS-0287","432","Qauim khan dir","Qauim khan","قیوم خان دیر","","rg-dir-bazar","دیر","","false","false","5943580","4910150","1033430"
"CUS-0288","433","yasin bebyawar","yasin","یاسیر بیبوس","","rg-sahib-abad","بیبیوس","صاحب آباد ٹو خاگرام","true","true","326000","290000","36000"
"CUS-0289","434","Muhmmad wahid dir","Muhmmad wahid","دمحم واحد دیر","","rg-dir-bazar","دیر","","false","false","2095650","1512030","583620"
"CUS-0290","435","Haji fatih muhmmad dir","Haji fatih muhmmad","حاجی فاتح دمحم دیر","","rg-dir-bazar","دیر","","false","false","8714970","7700000","1014970"
"CUS-0291","436","Qari hanifullah dir","Qari hanifullah","قاری حنیف ہللا","","rg-dir-bazar","دیر","","false","false","10093815","8322650","1771165"
"CUS-0292","437","Al haram trader","","الحرم ٹریڈر","","rg-dir-bazar","","","false","false","34166560","29316870","4849690"
"CUS-0293","438","Abdul hamid dir","Abdul hamid","عبدالحمید دیر","","rg-dir-bazar","دیر","","false","false","839779","629779","210000"
"CUS-0294","439","Gul rahman + Usman","Gul rahman +","گل رحمان عثمان","","rg-dir-bazar","","","false","false","47390375","37669450","9720925"
"CUS-0295","440","Haji muhmmad islam","Haji muhmmad","حاجی دمحم اسالم","","rg-dir-bazar","","","false","false","657465","120000","537465"
"CUS-0296","441","Haji ghani rahman","Haji ghani","حاجی غنی رحمان","","rg-dir-bazar","","","false","false","1386705","259000","1127705"
"CUS-0297","442","Molan nor islam","Molan nor","موالنا نوراسالم","","rg-dir-bazar","","","false","false","1155000","998600","156400"
"CUS-0298","443","Wasim ali markit","Wasim ali","وسیم عیل مارکیٹ","","rg-dir-bazar","","","false","false","12365550","9050000","3315550"
"CUS-0299","446","Ismail ful","Ismail","اسماعیل پل","","rg-dir-bazar","","","false","false","39913437","31774953","8138484.3"
"CUS-0300","447","Muhmmad sherkhan dir","Muhmmad sherkhan","دمحم شیر خان دیر","","rg-dir-bazar","دیر","","false","false","29252800","24684200","4568600"
"CUS-0301","448","Ikram ful","Ikram","اکرام پل","","rg-dir-bazar","","","false","false","4224175","3235000","989175"
"CUS-0302","449","Qari fazal karim","Qari fazal","قاری فضل کریم","","rg-dir-bazar","","","false","false","8672280","7050000","1622280"
"CUS-0303","450","Zia ul haq bala bazar","Zia ul haq bala","ضیا الحق باال بازار","","rg-dir-bazar","","","false","false","4050260","3544000","506260"
"CUS-0304","451","Zia ur rahman choke","Zia ur rahman","ضیا الرحمان چوک","","rg-dir-bazar","","","false","false","8548460","8260000","288460"
"CUS-0305","452","Hussian ahmad dir","Hussian ahmad","حسیر احمد دیر","","rg-dir-bazar","دیر","","false","false","2781856","1900000","881856"
"CUS-0306","455","Atiq ahmad dir","Atiq ahmad","عتیق احمد دیر","","rg-dir-bazar","دیر","","false","false","2658875","2015680","643195"
"CUS-0307","457","Haji toti rahman","Haji toti","حاجی طویط رحمان","","rg-dir-bazar","","","false","false","11815140","9650000","2165140"
"CUS-0308","458","Barkat said dir","Barkat said","برکت سید دیر","","rg-dir-bazar","دیر","","false","false","2517050","1951439","565611"
"CUS-0309","460","Haji ihsan ullah darbar rod","Haji ihsan ullah darbar","حاجی احسان ہللا دربار روڈ","","rg-dir-bazar","","","false","false","20721600","19801720","919880"
"CUS-0310","461","Idress super stor","","ادریس سیر سٹور","","rg-dir-bazar","","","false","false","4306970","4025500","281470"
"CUS-0311","462","Shakir ullah bala bazar","Shakir ullah bala","شاکرہللا باال بازار","","rg-dir-bazar","","","false","false","5299500","3006000","2293500"
"CUS-0312","473","Khaistarahman drosh","Khaistarahman","خایستہ رحمان دروش","","rg-drosh","دروش","","false","false","52699265","36510940","16188325"
"CUS-0313","474","Rashid drosh","Rashid","رشید دروش","","rg-drosh","دروش","","false","false","1269120","776770","492350"
"CUS-0314","476","sheikh muhmmad drsoh","sheikh muhmmad","شیخ دمحم دروش","","rg-drosh","دروش","","false","false","11921945","8965105","2956840"
"CUS-0315","477","Israr ali shah drosh","Israr ali shah","ارسار عیل شاہ دروش","","rg-drosh","دروش","","false","false","80858585","57302500","23556085"
"CUS-0316","478","qari ata ullah drosh","qari ata ullah","قاری عطاہللا دروش","","rg-drosh","دروش","","false","false","975700","860000","115700"
"CUS-0317","479","haji gulzair drsoh","haji gulzair","حاجی گلزیر دروش","","rg-drosh","دروش","","false","false","19787165","14148150","5639015"
"CUS-0318","480","Nizam uddin drsoh","Nizam uddin","نظام الدین دروش","","rg-drosh","دروش","","false","false","4351250","3503900","847350"
"CUS-0319","483","Hamid sahibabd","Hamid","حمید صاحب اباد","","rg-sahib-abad","صاحب آباد","دیر ٹو داروڑہ","false","false","3901400","3012900","888500"
"CUS-0320","484","Amir islam sahibabd","Amir islam","امیر اسالم صاحب اباد","","rg-sahib-abad","صاحب آباد","صاحب آباد ٹو خاگرام","false","false","934000","714000","220000"
"CUS-0321","486","Shihzad khagram","Shihzad","شہزاد خٓاگرام","","rg-kha-gram","خاگرام","صاحب آباد ٹو خاگرام","false","false","2411100","1829000","582100"
"CUS-0322","487","Azam khan wari","Azam khan","اعظم واسی","","rg-sahib-abad","واری","صاحب آباد ٹو خاگرام","true","true","2959050","2550000","409050"
"CUS-0323","488","Islam zib khagram","Islam zib","اسالم زیب خٓاگرام","","rg-kha-gram","خاگرام","صاحب آباد ٹو خاگرام","false","false","70500","46000","24500"
"CUS-0324","490","Haji muhmmad rahman serati","Haji muhmmad rahman","حاجی دمحم الرحمن سیر","","rg-sahib-abad","","صاحب آباد ٹو خاگرام","true","true","115630","30000","85630"
"CUS-0325","491","Rafi ullah bahipas","Rafi ullah","رفیع ہللا بای پاس","","rg-lower-chitral","","","false","false","5924925","5096200","828725"
"CUS-0326","503","Hamid drosh","Hamid","حمید دروش","","rg-drosh","دروش","","false","false","2092000","1082000","1010000"
"CUS-0327","504","khan chukyatan","khan","خان چکیاتن","","rg-dir-bazar","چکیاتن","دیر ٹو داروڑہ","true","true","1163600","1102600","61000"
"CUS-0328","506","Ali zafar baig boni","Ali zafar baig","بونن عیل ظفر بیگ","","rg-upper-chitral","بونی","","false","false","3746450","2370000","1376450"
"CUS-0329","507","islam boni","islam","اسالم","","rg-upper-chitral","بونی","","false","false","3437090","2495450","941640"
"CUS-0330","508","zia uddin boni","zia uddin","ضیا الدین","","rg-upper-chitral","بونی","","false","false","4016675","3099300","917375"
"CUS-0331","510","Ihitisham boni","Ihitisham","احتیشام","","rg-upper-chitral","بونی","","false","false","32742859","23020000","9722859"
"CUS-0332","511","Itifaq carporation reshon","","اتفاق کارپوریشن ریشون","","rg-upper-chitral","ریشون","","false","false","771925","771930","-5"
"CUS-0333","514","Muhmmad salim tmg","Muhmmad salim","دمحم سلیم","","rg-dir-bazar","","دیر ٹو داروڑہ","true","true","94750","80000","14750"
"CUS-0334","515","Muhmmad ismail darora","Muhmmad ismail","دمحم اسماعیل داروسہ","","rg-dir-bazar","داروڑہ","دیر ٹو داروڑہ","false","false","2751900","2395500","356400"
"CUS-0335","516","zia uddin bibyawar","zia uddin","ضیا الدین بیبوس","","rg-dir-bazar","بیبیوس","دیر ٹو داروڑہ","true","true","1624500","1477000","147500"
"CUS-0336","517","Nasib zada darora","Nasib zada","نصیب زاداہ داروسہ","","rg-dir-bazar","داروڑہ","دیر ٹو داروڑہ","false","false","1185000","1046000","139000"
"CUS-0337","518","Nor rahim chukyatan","Nor rahim","نور رحیم چکیاتن","","rg-dir-bazar","چکیاتن","دیر ٹو داروڑہ","true","true","6628320","5121250","1507070"
"CUS-0338","519","fazal manan chukyatan","fazal manan","فضل منان چکیاتن","","rg-sahib-abad","چکیاتن","صاحب آباد ٹو خاگرام","true","true","4413100","3302500","1110600"
"CUS-0339","520","wali khan darora","wali khan","ویل خٓان داروسہ","","rg-dir-bazar","داروڑہ","دیر ٹو داروڑہ","false","false","2169326","1560503","608823"
"CUS-0340","522","islam bibyawar","islam","اسالم بیبوس","","rg-dir-bazar","بیبیوس","دیر ٹو داروڑہ","true","true","2926360","2558250","368110"
"CUS-0341","523","Nizam uddin darora","Nizam uddin","نظام الدین داروسہ","","rg-dir-bazar","داروڑہ","دیر ٹو داروڑہ","false","false","11172430","8873000","2299430"
"CUS-0342","524","Mujib ur rahman kh","Mujib ur rahman","مجیب الرحمن خوگوابو","","rg-dir-bazar","","دیر ٹو داروڑہ","true","true","2305500","1980000","325500"
"CUS-0343","525","Babo saeed darora","Babo saeed","بابو سعید داروسہ","","rg-dir-bazar","داروڑہ","دیر ٹو داروڑہ","false","false","599000","574000","25000"
"CUS-0344","526","jihanzib pump","jihanzib","جھانزیب پمپ","","rg-dir-bazar","پمپ","دیر ٹو داروڑہ","true","true","967785","745000","222785"
"CUS-0345","527","Al madina super stor darora","","المدینہ سیر سٹور داروسہ","","rg-dir-bazar","داروڑہ","دیر ٹو داروڑہ","false","false","1412930","1230700","182230"
"CUS-0346","528","Muhib ullah darora","Muhib ullah","محیب ہللا داروسہ","","rg-dir-bazar","داروڑہ","دیر ٹو داروڑہ","false","false","3665650","3014500","651150"
"CUS-0347","529","Naem ullah chukaytan","Naem ullah","نعیم ہللا چکیاتن","","rg-dir-bazar","","دیر ٹو داروڑہ","true","true","4812450","3753600","1058850"
"CUS-0348","530","Rahman ullah sadar","Rahman ullah","رحمان ہللا صدر","","rg-dir-bazar","","دیر ٹو داروڑہ","true","true","3063975","1836000","1227975"
"CUS-0349","531","Inam bibyawar","Inam","انعام بیبوس","","rg-dir-bazar","بیبیوس","دیر ٹو داروڑہ","true","true","880625","677500","203125"
"CUS-0350","532","Muhmmad ayaz darora","Muhmmad ayaz","دمحم ایاز داروسہ","","rg-dir-bazar","داروڑہ","دیر ٹو داروڑہ","false","false","34518420","29773200","4745220"
"CUS-0351","533","yasar islam clg","yasar islam","یارس اسالم کالج","","rg-dir-bazar","","دیر ٹو داروڑہ","true","true","229200","140700","88500"
"CUS-0352","535","Izat ullah brawal","Izat ullah","عزت ہللا براول","","rg-barawal","براول","","false","false","3168770","2580400","588370"
"CUS-0353","536","Hanif ul haq brawal","Hanif ul haq","حنیف الھق براول","","rg-barawal","براول","","false","false","892900","845400","47500"
"CUS-0354","537","Mahmood khan brawal","Mahmood khan","محمود خان براول","","rg-barawal","براول","","false","false","244000","154000","90000"
"CUS-0355","538","Majid brawal","Majid","مجید براوال","","rg-barawal","براول","","false","false","8441580","5960000","2481580"
"CUS-0356","539","Saeed ullah brawal","Saeed ullah","سعید ہللا براول","","rg-barawal","براول","","false","false","8298085","6720250","1577835"
"CUS-0357","540","Halim sha brawal","Halim sha","حلیم شاہ براوال","","rg-barawal","براول","","false","false","2161765","1670000","491765"
"CUS-0358","544","Hadir sha chitral","Hadir sha","حیدر شاہ ال","","rg-lower-chitral","چترال","","false","false","34636780","28978600","5658180"
"CUS-0359","545","Saeed ur rahman chitral","Saeed ur rahman","سفن سعید الر حمان ال","","rg-lower-chitral","چترال","","false","false","26921910","18729710","8192200"
"CUS-0360","546","Muhmmad akbar chitral","Muhmmad akbar","چیر دمحم اکیی ال","","rg-lower-chitral","چترال","","false","false","6488950","5514700","974250"
"CUS-0361","547","Muhmmad zahir shah chitral","Muhmmad zahir shah","دمحم ظاہر شاہ ال","","rg-lower-chitral","چترال","","false","false","439950","300000","139950"
"CUS-0362","548","Usman hole chitral","Usman hole","عثمان ہول سیل ال","","rg-lower-chitral","چترال","","false","false","12283500","9302000","2981500"
"CUS-0363","549","Anwar uddin chitral","Anwar uddin","انوار الدین ال","","rg-lower-chitral","چترال","","false","false","10250270","8105020","2145250"
"CUS-0364","551","Zia ur rahman chitral","Zia ur rahman","ضیا الرحمان ال","","rg-lower-chitral","چترال","","false","false","5565330","5158330","407000"
"CUS-0365","552","Haji gulzamin chitral","Haji gulzamin","حاجی گل زمیر ال","","rg-lower-chitral","چترال","","false","false","10215800","7600000","2615800"
"CUS-0366","553","Muhmmad nasar chitral","Muhmmad nasar","دمحم نارص ال","","rg-lower-chitral","چترال","","false","false","3149950","2502000","647950"
"CUS-0367","554","qari subhan uddin chitral","qari subhan uddin","قاری سبحان الدین ال","","rg-lower-chitral","چترال","","false","false","56100","5000","51100"
"CUS-0368","555","Abbas carporation chitral","","عباس کارپوریشن ال","","rg-lower-chitral","چترال","","false","false","11400","3000","8400"
"CUS-0369","556","Hazrat gul haji chitral","Hazrat gul haji","حض ت گل حاجی چیر ال","","rg-lower-chitral","چترال","","false","false","11965500","10000000","1965500"
"CUS-0370","559","Ihsan ullah bala bazar","Ihsan ullah bala","احسان ہللا باال بازار","","rg-dir-bazar","","","false","false","3157225","2770000","387225"
"CUS-0371","560","Salim s\o zafar","Salim s\o","سلیم ولد ظفر","","rg-dir-bazar","","","false","false","4713000","4208700","504300"
"CUS-0372","561","Parviz sement","","فرویز سیمنٹ","","rg-dir-bazar","","","false","false","60450","45400","15050"
"CUS-0373","562","sayed ghulam sheringal","sayed ghulam","سید غالم شیر نگل","","rg-sherangal","شیرنگل","","false","false","19080610","16043000","3037610"
"CUS-0374","563","Zahir ady wala","Zahir ady","ظاہر اڈی واال","","rg-barawal","","","false","false","12471470","9800000","2671470"
"CUS-0375","567","Maskin khagram","Maskin","مسکیر خاگرام","","rg-kha-gram","خاگرام","دیر ٹو داروڑہ","false","false","1031100","720250","310850"
"CUS-0376","573","fawji jaghor chitral","fawji jaghor","فوجی جغور ال","","rg-lower-chitral","چترال","","false","false","212150","158700","53450"
"CUS-0377","579","Subhan shahi adda","Subhan shahi","سبحان شایھ اڈہ","","rg-lower-chitral","","","false","false","14223800","11390000","2833800"
"CUS-0378","586","safi ullah mushi","safi ullah","ہللا منش","","rg-lower-chitral","","","false","false","173250","0","173250"
"CUS-0379","589","Sarwar gharmchasma","Sarwar","بونن رسور گرم چشمہ","","rg-upper-chitral","گرم چشمہ","","false","false","1274500","688500","586000"
"CUS-0380","592","fazal wahid","fazal","فضل واحد","","rg-lower-chitral","","","false","false","646000","0","646000"
"CUS-0381","598","imran khagram","imran","عمران خاگرام","","rg-kha-gram","خاگرام","صاحب آباد ٹو خاگرام","false","false","958500","767500","191000"
"CUS-0382","599","sha nawaz kalsho","sha nawaz","شاہ نواز کلشو","","rg-barawal","کلشو","","false","false","469250","422900","46350"
"CUS-0383","600","shafi ullah drsoh","shafi ullah","شفیع ہللا دروش","","rg-drosh","دروش","","false","false","1266000","608500","657500"
"CUS-0384","601","Amin unkar","Amin","امیر انکار","","rg-dir-bazar","","دیر ٹو داروڑہ","true","true","770400","653500","116900"
"CUS-0385","607","Qari amin ullah broz","Qari amin ullah","چیر قاری امیر ہللا بروز","","rg-lower-chitral","بروز","","false","false","1626750","910000","716750"
"CUS-0386","612","Babo kotky","Babo","بابو کوٹےک","","rg-dir-bazar","کوٹکی","دیر ٹو داروڑہ","true","true","164950","138750","26200"
"CUS-0387","619","عالوالدین دیر","","عالوالدین دیر","","rg-dir-bazar","","","false","false","758500","555500","203000"
"CUS-0388","620","Raza ullah rehankot","Raza ullah","رضاہللا ریحانکوٹ","","rg-dir-bazar","","","false","false","180000","150000","30000"
"CUS-0389","621","Luqman mesali wala","Luqman mesali","لقمان مصالہ واال","","rg-dir-bazar","","","false","false","217500","0","217500"
"CUS-0390","622","khan alam patrak","khan alam","خان عالم پاتراک","","rg-barawal","پاتراک","","false","false","3682780","1940000","1742780"
"CUS-0391","623","Al qamar wari","Al qamar","القمر واسی","","rg-sahib-abad","واری","صاحب آباد ٹو خاگرام","true","true","1430500","955000","475500"
"CUS-0392","625","shahi dukandar thal","shahi dukandar","شایھ دوکاندار تھل","","rg-barawal","تھل","","false","false","22050","0","22050"
"CUS-0393","626","insaf steel carporation","","انصاف سٹیل کارفوریشن","","rg-barawal","","","false","false","50027","0","50027"
"CUS-0394","627","Aziz najm uddin khan","Aziz uddin khan","عزیز نجم الدین خان","","rg-barawal","","","false","false","130950","0","130950"
"CUS-0395","628","Mansoor sement delar","","منصور سیمنٹ ڈیلر","","rg-barawal","","","false","false","110607","0","110607"
"CUS-0396","630","Maskin darora","Maskin","مسکیر داروسہ","","rg-dir-bazar","داروڑہ","دیر ٹو داروڑہ","false","false","186000","163000","23000"
"CUS-0397","633","Shams and ko dir","","کنڈوگے شمس اینڈ کو دیر","","rg-dir-bazar","دیر","","false","false","3265910","2896100","369810"
"CUS-0398","635","Sobidar abdulsalm drosh","Sobidar abdulsalm","صوبیدار عبدالسالم دروش","","rg-drosh","دروش","","false","false","349000","0","349000"
"CUS-0399","639","Tawseef kandawgy","Tawseef","توصیف","","rg-dir-bazar","","","false","false","437500","337500","100000"
"CUS-0400","640","Qazi jenrol store","","قاض جین ل سٹور","","rg-drosh","","","false","false","324000","180000","144000"
"CUS-0401","642","Karachi T store","","کراجی سٹور","","rg-sahib-abad","","صاحب آباد ٹو خاگرام","true","true","175200","175000","200"
"CUS-0402","644","Haji Asfandyar chitral","Haji Asfandyar","حاجی اسفندیار چیر ال","","rg-lower-chitral","چترال","","false","false","5541090","1000000","4541090"
"CUS-0403","645","Ubaid ur Rahman boni","Ubaid ur Rahman","عبید الرحمان","","rg-upper-chitral","بونی","","false","false","590000","0","590000"
"CUS-0404","646","Ihsan ullah ashrait","Ihsan ullah","احسان ہللا عشر یت","","rg-drosh","","","false","false","844000","567000","277000"
"CUS-0405","647","Farid chitral","Farid","فرید ال","","rg-lower-chitral","چترال","","false","false","700000","690000","10000"
"CUS-0406","648","Burhan wari","Burhan","برھان واسی","","rg-sahib-abad","واری","صاحب آباد ٹو خاگرام","true","true","502900","250000","252900"
"CUS-0407","649","Faiz talab","Faiz","فیض طلب","","rg-dir-bazar","","دیر ٹو داروڑہ","true","true","60000","55000","5000"
"CUS-0408","650","Jan bakht darora","Jan bakht","جان بخت داروسہ","","rg-dir-bazar","داروڑہ","دیر ٹو داروڑہ","false","false","209500","169500","40000"
"CUS-0409","651","Rahmat hussain dewan markit","Rahmat hussain dewan","چیر رحمت حسیر دیوان مارکیٹ","","rg-lower-chitral","","","false","false","286350","0","286350"