"id","urdu_name","english_name","brand","category","bag_kg","source_folio","catalogue_listed_value","price_confirmed","active","needs_review"
"PRD-0001","المامو سیلہ","Al Mamu Sella","Al Mamu","چاول","","Bar-001","5400","false","true","false"
"PRD-0002","تاج محل سیلہ","Taj Mahal Sella","Taj","چاول","","Bar-002","6510","false","true","false"
"PRD-0003","چب ی مارکہ","Marka","چب","چاول","","Bar-003","2200","false","true","false"
"PRD-0004","سوجر 50 kg","50 kg","سوجر","آٹا","50","Bar-004","7450","false","true","false"
"PRD-0005","میاں حیدر 40 kg","Mian Haider 40 kg","Mian","آٹا","40","Bar-005","6160","false","true","false"
"PRD-0006","میاں حیدر فاین 40 kg","Mian Haider Fine 40 kg","Mian","آٹا","40","Bar-006","5356","false","true","false"
"PRD-0007","میاں حیدر 20 kg","Mian Haider 20 kg","Mian","آٹا","20","Bar-007","2905","false","true","false"
"PRD-0008","میا حیدر فاین 20 kg","Mia Haider Fine 20 kg","Mia","آٹا","20","Bar-008","2980","false","true","false"
"PRD-0009","زم زم فاین 40 kg","Zam Zam Fine 40 kg","Zam","آٹا","40","Bar-009","0","false","true","true"
"PRD-0010","زم زم 40 kg","Zam Zam 40 kg","Zam","آٹا","40","Bar-0010","5854","false","true","false"
"PRD-0011","زم زم 20 kg","Zam Zam 20 kg","Zam","آٹا","20","Bar-0011","2927","false","true","false"
"PRD-0012","زم زم سبر 20 kg","Zam Zam Super 20 kg","Zam","آٹا","20","Bar-0012","2450","false","true","false"
"PRD-0013","زنکو فاین 40 kg","Zinko Fine 40 kg","Zinko","آٹا","40","Bar-0013","0","false","true","true"
"PRD-0014","زنکو 40 kg","Zinko 40 kg","Zinko","آٹا","40","Bar-0014","4206","false","true","false"
"PRD-0015","زنکو فاین 20 kg","Zinko Fine 20 kg","Zinko","آٹا","20","Bar-0015","0","false","true","true"
"PRD-0016","زنکو 20 kg","Zinko 20 kg","Zinko","آٹا","20","Bar-0016","2960","false","true","false"
"PRD-0017","اتفاق فاین 40 kg","Itifaq Fine 40 kg","Itifaq","آٹا","40","Bar-0017","6450","false","true","false"
"PRD-0018","اتفاق فاین 20 kg","Itifaq Fine 20 kg","Itifaq","آٹا","20","Bar-0018","2620","false","true","false"
"PRD-0019","یوسف FM 20 kg","Yousaf FM 20 kg","Yousaf","آٹا","20","Bar-0019","2097","false","true","false"
"PRD-0020","یوسف FM 40 kg","Yousaf FM 40 kg","Yousaf","آٹا","40","Bar-0020","4194","false","true","false"
"PRD-0021","یوسف معدہ 50 kg","Yousaf Maida 50 kg","Yousaf","آٹا","50","Bar-0021","7000","false","true","false"
"PRD-0022","تاج فاین 20 kg","Taj Fine 20 kg","Taj","آٹا","20","Bar-0022","2430","false","true","false"
"PRD-0023","تاج فاین 40 kg","Taj Fine 40 kg","Taj","آٹا","40","Bar-0023","4860","false","true","false"
"PRD-0024","نوشب ہ ورکا 20 kg","Nosha Wroka 20 kg","Nosha","آٹا","20","Bar-0024","2150","false","true","false"
"PRD-0025","نوشب ہ ورکا سبر 20 kg","Nosha Wroka Super 20 kg","Nosha","آٹا","20","Bar-0025","2200","false","true","false"
"PRD-0026","نوشب ہ ورکا فاین 20 kg","Nosha Wroka Fine 20 kg","Nosha","آٹا","20","Bar-0026","2930","false","true","false"
"PRD-0027","نوشب ہ ورکا 40 kg","Nosha Wroka 40 kg","Nosha","آٹا","40","Bar-0027","4400","false","true","false"
"PRD-0028","نوشب ہ ورکا","Nosha Wroka","Nosha","آٹا","","Bar-0028","0","false","true","true"
"PRD-0029","سعد لوکل 20 kg","Saad Local 20 kg","Saad","آٹا","20","Bar-0029","2647","false","true","false"
"PRD-0030","سعد لوکل 40 kg","Saad Local 40 kg","Saad","آٹا","40","Bar-0030","5294","false","true","false"
"PRD-0031","سندری الٹ 3","Sundri Lot 3","Sundri","آٹا","","Bar-0031","2300","false","true","true"
"PRD-0032","سندری الٹ 2","Sundri Lot 2","Sundri","چاول","","Bar-0032","2200","false","true","true"
"PRD-0033","سندری الٹ 1","Sundri Lot 1","Sundri","چاول","","Bar-0033","2300","false","true","true"
"PRD-0034","زیتون چاول 1","Zaitoon Chawal 1","Zaitoon","چاول","","Bar-0034","3700","false","true","false"
"PRD-0035","زیتون چاول 2","Zaitoon Chawal 2","Zaitoon","چاول","","Bar-0035","4000","false","true","false"
"PRD-0036","زیتون چاول 3","Zaitoon Chawal 3","Zaitoon","چاول","","Bar-0036","3500","false","true","false"
"PRD-0037","زیتون الٹ 4","Zaitoon Lot 4","Zaitoon","چاول","","Bar-0037","2850","false","true","false"
"PRD-0038","نیا VIP .","Naya VIP .","Naya","چاول","","Bar-0038","3000","false","true","false"
"PRD-0039","پرانا VIP .","Purana VIP .","Purana","چاول","","Bar-0039","3400","false","true","false"
"PRD-0040","المامون چاول","Al Mamoon Chawal","Al Mamoon","چاول","","Bar-0040","5600","false","true","false"
"PRD-0041","چوکر 34 kg","Chokar 34 kg","Chokar","چاول","34","Bar-0041","2100","false","true","true"
"PRD-0042","سونا چاندی الٹ 1","Sona Chandi Lot 1","Sona","چاول","","Bar-0042","2337.49","false","true","false"
"PRD-0043","سیب مارکہ","Saib Marka","Saib","چاول","","Bar-0043","2200","false","true","false"
"PRD-0044","اعتماد اٹا 20 kg","Aitmad Ata 20 kg","Aitmad","آٹا","20","Bar-0044","2860","false","true","false"
"PRD-0045","اعتماد اٹا 40 kg","Aitmad Ata 40 kg","Aitmad","آٹا","40","Bar-0045","5720","false","true","false"
"PRD-0046","اعتمادفاین 80 kg","Aitmad Fine 80 kg","Aitmad Fine","آٹا","80","Bar-0046","10000","false","true","false"
"PRD-0047","داتا فلو مل 20 kg","Data Flour Mill 20 kg","Data","آٹا","20","Bar-0047","2580","false","true","false"
"PRD-0048","داتا فلور مل 40 kg","Data Flour Mill 40 kg","Data","آٹا","40","Bar-0048","5160","false","true","false"
"PRD-0049","داتا 3 شب 20 kg","Data 3 Shab 20 kg","Data","آٹا","20","Bar-0049","2903","false","true","false"
"PRD-0050","اعتماد فاین 20 kg","Aitmad Fine 20 kg","Aitmad","آٹا","20","Bar-0050","2700","false","true","true"
"PRD-0051","چوکر","Chokar","Chokar","وغیرہ","","Bar-0051","1770","false","true","true"
"PRD-0052","اعتماد فاین kg 40","Aitmad Fine kg 40","Aitmad","آٹا","40","Bar-0052","0","false","true","true"
"PRD-0053","اعتماد فاین 20 kg","Aitmad Fine 20 kg","Aitmad","آٹا","20","Bar-0053","0","false","true","true"
"PRD-0054","میاں حیدر میدہ","Mian Haider Maida","Mian","آٹا","","Bar-0054","7450","false","true","false"
"PRD-0055","سخاکوٹ فلور مل 20 kg","Sakhakot Flour Mill 20 kg","Sakhakot","آٹا","20","Bar-0055","2500","false","true","false"
"PRD-0056","سخاکوٹ فلور مل 40 kg","Sakhakot Flour Mill 40 kg","Sakhakot","آٹا","40","Bar-0056","5000","false","true","false"
"PRD-0057","ریما فلور مل 20 kg","Rima Flour Mill 20 kg","Rima","آٹا","20","Bar-0057","2680","false","true","false"
"PRD-0058","ریما فلور مل 40 kg","Rima Flour Mill 40 kg","Rima","آٹا","40","Bar-0058","5460","false","true","false"
"PRD-0059","نیشنل میدہ","National Maida","National","آٹا","","Bar-0059","7600","false","true","false"
"PRD-0060","اتفاق میدہ","Itifaq Maida","Itifaq","آٹا","","Bar-0060","8063","false","true","false"
"PRD-0061","گالب مارکہ","Gulab Marka","Gulab","چاول","","Bar-0061","2200","false","true","false"
"PRD-0062","چشمہ اٹا 20 kg","Chashma Ata 20 kg","Chashma","آٹا","20","Bar-0062","2500","false","true","true"
"PRD-0063","چشمہ اٹا 40 kg","Chashma Ata 40 kg","Chashma","آٹا","40","Bar-0063","5104","false","true","false"
"PRD-0064","مبر وم اٹا لوکل 20 kg","Marboom Ata Local 20 kg","Marboom","آٹا","20","Bar-0064","2463","false","true","false"
"PRD-0065","مبر وم اٹا لوکل 40 kg","Marboom Ata Local 40 kg","Marboom","آٹا","40","Bar-0065","4926","false","true","false"
"PRD-0066","فہیم اٹا 20 kg","Faheem Ata 20 kg","Faheem","آٹا","20","Bar-0066","2868","false","true","false"
"PRD-0067","فھیم اتا 40 kg","Faheem Ata 40 kg","Faheem","آٹا","40","Bar-0067","5568","false","true","false"
"PRD-0068","پا کستان برانڈ 40 kg","Brand 40 kg","پا","آٹا","40","Bar-0068","5400","false","true","false"
"PRD-0069","انمول چاول","Anmol Chawal","Anmol","چاول","","Bar-0069","4250","false","true","false"
"PRD-0070","SNS 20 kg","SNS 20 kg","SNS","آٹا","20","Bar-0070","2450","false","true","false"
"PRD-0071","SNS 40 kg","SNS 40 kg","SNS","آٹا","40","Bar-0071","4900","false","true","false"
"PRD-0072","کھل 24 kg","Khal 24 kg","Khal","آٹا","24","Bar-0072","2500","false","true","false"
"PRD-0073","ترازو چاول","Tarazo Chawal","Tarazo","چاول","","Bar-0073","3000","false","true","false"
"PRD-0074","قدیر اٹا 20 kg","Qadeer Ata 20 kg","Qadeer","آٹا","20","Bar-0074","2500","false","true","false"
"PRD-0075","قدیر اٹا 40 kg","Qadeer Ata 40 kg","Qadeer","آٹا","40","Bar-0075","5100","false","true","false"
"PRD-0076","داتا میدہ 50 kg","Data Maida 50 kg","Data","آٹا","50","Bar-0076","7000","false","true","false"
"PRD-0077","بالر چاول","Balar Chawal","Balar","چاول","","Bar-0077","1950","false","true","false"
"PRD-0078","شب لکشیم 20 kg","Shab Lakshmi 20 kg","Shab","آٹا","20","Bar-0078","2403","false","true","false"
"PRD-0079","شب لکشیم 40 kg","Shab Lakshmi 40 kg","Shab","آٹا","40","Bar-0079","4800","false","true","false"
"PRD-0080","ابری چاول","Abri Chawal","Abri","چاول","","Bar-0080","2700","false","true","false"
"PRD-0081","سفارش اٹا 20 kg","Safarish Ata 20 kg","Safarish","آٹا","20","Bar-0081","2818","false","true","false"
"PRD-0082","سفارش اٹا 40 kg","Safarish Ata 40 kg","Safarish","آٹا","40","Bar-0082","5636","false","true","false"
"PRD-0083","چشمہ اٹا 20 kg","Chashma Ata 20 kg","Chashma","آٹا","20","Bar-0083","2552","false","true","true"
"PRD-0084","سونا چاندہ الٹ 2","Sona Chanda Lot 2","Sona","چاول","","Bar-0084","2630","false","true","false"
"PRD-0085","داتا تی شب 40 kg","Data Shab 40 kg","Data","آٹا","40","Bar-0085","5000","false","true","false"
"PRD-0086","اعتماد 50 kg","Aitmad 50 kg","Aitmad","آٹا","50","Bar-0086","6900","false","true","false"
"PRD-0087","عجوہ اٹا 20 kg","Ajwa Ata 20 kg","Ajwa","آٹا","20","Bar-0087","2025","false","true","false"
"PRD-0088","عجوہ اٹا 40 kg","Ajwa Ata 40 kg","Ajwa","آٹا","40","Bar-0088","4050","false","true","false"
"PRD-0089","نیشنل فاین 20 kg","National Fine 20 kg","National","آٹا","20","Bar-0089","2700","false","true","false"
"PRD-0090","نیشنل فاین 40 kg","National Fine 40 kg","National","آٹا","40","Bar-0090","5400","false","true","false"
"PRD-0091","ساہیوال اٹا 40 kg","Sahiwal Ata 40 kg","Sahiwal","آٹا","40","Bar-0091","5720","false","true","false"
"PRD-0092","ساہیوال اٹا 20 kg","Sahiwal Ata 20 kg","Sahiwal","آٹا","20","Bar-0092","2860","false","true","false"
"PRD-0093","ساہیوال فاین 20 کلو","Sahiwal Fine 20 kg","Sahiwal","آٹا","20","Bar-0093","2900","false","true","false"
"PRD-0094","سیلہ گالب مارکہ","Sella Gulab Marka","Sella","چاول","","Bar-0094","5125","false","true","false"
"PRD-0095","گولڈن سیلہ","Golden Sella","Golden","چاول","","Bar-0095","5350","false","true","false"
"PRD-0096","چینن 50 kg","Chinan 50 kg","Chinan","وغیرہ","50","Bar-0096","7200","false","true","false"
"PRD-0097","گندم 49 کلو","Wheat 49 kg","Wheat","آٹا","49","Bar-0097","4700","false","true","false"
"PRD-0098","نواز اٹا 20 کلو","Nawaz Ata 20 kg","Nawaz","آٹا","20","Bar-0098","2053","false","true","false"
"PRD-0099","نواز اٹا 40 کلو","Nawaz Ata 40 kg","Nawaz","آٹا","40","Bar-0099","4106","false","true","false"
"PRD-0100","نواز فاین 20 کلو","Nawaz Fine 20 kg","Nawaz","آٹا","20","Bar-00100","1950","false","true","false"
"PRD-0101","","Bar-00101","","چاول","","Bar-00101","0","false","false","true"
"PRD-0102","سما اٹا 20 کلو","Sama Ata 20 kg","Sama","آٹا","20","Bar-00102","2129","false","true","false"
"PRD-0103","","Bar-00103","","آٹا","","Bar-00103","0","false","false","true"
"PRD-0104","یوسف فاین 40 kg","Yousaf Fine 40 kg","Yousaf","آٹا","40","Bar-00104","4100","false","true","false"
"PRD-0105","یوسف فاین 20 کلو","Yousaf Fine 20 kg","Yousaf","آٹا","20","Bar-00105","2500","false","true","false"
"PRD-0106","Rana GM Ata 20 kg","Rana GM Ata 20 kg","Rana","آٹا","20","Bar-00106","2100","false","true","false"
"PRD-0107","Rana GM ata 40 kg","Rana GM ata 40 kg","Rana","آٹا","40","Bar-00107","4200","false","true","false"
"PRD-0108","","Bar-00108","","آٹا","","Bar-00108","0","false","false","true"
"PRD-0109","برکت مل اٹا 20 kg","Barkat Mill Ata 20 kg","Barkat","آٹا","20","Bar-00109","2500","false","true","false"
"PRD-0110","برکت مل اٹا 40 kg","Barkat Mill Ata 40 kg","Barkat","آٹا","40","Bar-00110","5000","false","true","false"
"PRD-0111","","Bar-00111","","آٹا","","Bar-00111","0","false","false","true"
"PRD-0112","خوشال اٹا 40 kg","Khushal Ata 40 kg","Khushal","آٹا","40","Bar-00112","5200","false","true","false"
"PRD-0113","خوشال اٹا 20 kg","Khushal Ata 20 kg","Khushal","آٹا","20","Bar-00113","2600","false","true","false"
"PRD-0114","گوجر فاین 20 کلو","Gujar Fine 20 kg","Gujar","آٹا","20","Bar-00114","2600","false","true","false"
"PRD-0115","سفارش 15 کلو","Safarish 15 kg","Safarish","آٹا","15","Bar-00115","1837","false","true","false"
"PRD-0116","سفارش فاین 20 کلو","Safarish Fine 20 kg","Safarish","آٹا","20","Bar-00116","2968","false","true","false"
"PRD-0117","سفارش فاین 40 کلو","Safarish Fine 40 kg","Safarish","آٹا","40","Bar-00117","5532","false","true","false"
"PRD-0118","گوجر اٹا 20 کلو","Gujar Ata 20 kg","Gujar","آٹا","20","Bar-00118","2500","false","true","false"
"PRD-0119","گوجر اٹا 40 کلو","Gujar Ata 40 kg","Gujar","آٹا","40","Bar-00119","5000","false","true","false"
"PRD-0120","شادرہ اٹا 20 کلو","Shadra Ata 20 kg","Shadra","آٹا","20","Bar-00120","2400","false","true","false"
"PRD-0121","شادرہ فاین 20 کلو","Shadra Fine 20 kg","Shadra","غیر متعین","20","","2600","false","true","true"
"PRD-0122","شادرہ اٹا 40 کلو","Shadra Ata 40 kg","Shadra","آٹا","40","Bar-00122","5000","false","true","false"
"PRD-0123","شادرہ فاین 40 کلو","Shadra Fine 40 kg","Shadra","آٹا","40","Bar-00123","5000","false","true","true"
"PRD-0124","سفید چاول","Safaid Chawal","Safaid","چاول","","Bar-00124","1500","false","true","false"
"PRD-0125","جوار 50 کلو","Jowar 50 kg","Jowar","آٹا","50","Bar-00125","5700","false","true","false"
"PRD-0126","سوانا یوریا","Sawana Urea","Sawana","وغیرہ","","Bar-00126","4730","false","true","false"
"PRD-0127","الہوری اعتماد 20 کلو","Lahori Aitmad 20 kg","Lahori","آٹا","20","Bar-00127","2400","false","true","false"
"PRD-0128","الہوری اعتماد 40 کلو","Lahori Aitmad 40 kg","Lahori","آٹا","40","Bar-00128","4800","false","true","false"
"PRD-0129","حسی فلور ملز 20 kg","Hasi Flour Mills 20 kg","Hasi","آٹا","20","Bar-00129","2550","false","true","false"
"PRD-0130","حسی فلور ملز 40 کلو","Hasi Flour Mills 40 kg","Hasi","آٹا","40","Bar-00130","5100","false","true","false"
"PRD-0131","حسی اسپیشل 20 کلو","Hasi Special 20 kg","Hasi","آٹا","20","Bar-00131","2600","false","true","false"
"PRD-0132","","Bar-00132","","چاول","","Bar-00132","0","false","false","true"
"PRD-0133","کاٹن گیھ","Cotton Ghee","Cotton","وغیرہ","","Bar-00133","6700","false","true","false"
"PRD-0134","اعتماد فاین 20 کلو","Aitmad Fine 20 kg","Aitmad","آٹا","20","Bar-00134","2500","false","true","true"
"PRD-0135","شادولہ اٹا 20 کلو","Shadola Ata 20 kg","Shadola","آٹا","20","Bar-00135","2690","false","true","false"
"PRD-0136","شادولہ اٹا 40 کلو","Shadola Ata 40 kg","Shadola","آٹا","40","Bar-00136","5580","false","true","false"