"id","legacy_code","company","contact","phone","location","active","needs_review","legacy_total_sales","legacy_total_collection","legacy_balance"
"SUP-0001","204","Zam Zam chokar khata","","","","true","true","25500000","12512500","12987500"
"SUP-0002","237","Atlantic feeds shekhopora","","","","true","true","42225000","41772420","452580"
"SUP-0003","238","Itifaq flour and jenral mill","","","","true","true","230274119","252016406","-21742287"
"SUP-0004","239","Mia haider flour mill","","","","true","false","261423994","293003869","-31579875"
"SUP-0005","244","Safarish flour mill","","","","true","false","61704775","67873725","-6168950"
"SUP-0006","245","Taj flour mill rahim yar khan","","","","true","true","9137350","8300000","837350"
"SUP-0007","247","Datha flour mill gajo mata","","","","true","true","41045000","46051890","-5006890"
"SUP-0008","248","Datha flour mill darogha","","","","true","true","37360000","33262500","4097500"
"SUP-0009","249","National flour mill","","","","true","false","2200000","2160000","40000"
"SUP-0010","252","Fahad flour mill peshawar","","","","true","true","0","955000","-955000"
"SUP-0011","256","Hewan rice industry (javed)","","","","true","true","394205","0","394205"
"SUP-0012","257","Mazhar flour mill","","","","true","false","614230","0","614230"
"SUP-0013","258","Mehraban flour mill","","","","true","false","382000","0","382000"
"SUP-0014","259","Wali sons flour mill","","","","true","false","0","233000","-233000"
"SUP-0015","471","Sama flour mill husain","","","","true","true","8712320","7877500","834820"
"SUP-0016","482","Sahiwal flour mill","","","","true","true","334197300","331176800","3020500"
"SUP-0017","492","Chasma shugar mill","","","","true","false","29920000","29680000","240000"
"SUP-0018","493","Fahim flour mill","","","","true","true","68872950","69782950","-910000"
"SUP-0019","494","Lasani commision shop","","","","true","true","82751662","59369544","23382117.6"
"SUP-0020","495","Zam zam zinko flour mill","","","","true","true","384495170","413044238","-28549068"
"SUP-0021","496","Iitimad flour mill","","","","true","false","83131365","98837050","-15705685"
"SUP-0022","498","Saad flour mill","","","","true","false","57100000","57401580","-301580"
"SUP-0023","499","Yousaf FM flour mill","","","","true","true","44367875","46666625","-2298750"
"SUP-0024","501","Ihsan rice mill","","","","true","true","97747796","48873898","48873898"
"SUP-0025","502","Al mamoon rice ko","","","","true","true","0","22768500","-22768500"
"SUP-0026","575","Meezan banks chitral","","","","false","true","493325636","492071002","1254634"
"SUP-0027","593","Ajwa flour mill","","","","true","false","22492800","24176000","-1683200"
"SUP-0028","603","Zahir ady wala ATA","","","","true","true","3690000","0","3690000"
"SUP-0029","604","fazal din rice mill per mahal","","","","true","true","54438150","46797096","7641054.1"
"SUP-0030","613","Habib Rice mill","","","","true","false","11338459","0","11338459"
"SUP-0031","614","Sabir nako wala","","","","true","true","227951","0","227951"
"SUP-0032","652","Shaa dola flour mill","","","","true","false","1500000","2970000","-1470000"